Name,Academic Position,Department,Network Node Width,Research Interests,Project
Elena Catelli,Full Professor,DIMEVET,1,"Domestic-wild bird interface and avian influenza, Inflammation mediators in poultry infections",
Giulia Mescolini,Contract Professor,DIMEVET,6,"Virus bioinformatics, Molecular diagnostics",
Caterina Lupini,Associate Professor,DIMEVET,2,"Avian vaccines, Immunosuppressive diseases of birds, Respiratory diseases of birds, Viral neoplastic diseases of birds, Recombinant vaccines, Molecular epidemiology",
Zelan Li,Research Fellow,Chemstry Dep,4,"Heritage Science, Imaging, Chemiometria, Data Processing, Spettroscopy",
Valentina Orioli,Associate Professor,Architecture Dep,2,"Municipal urban planning, Local government, Detailed plan, Metropolitan city, Tourism, Colonies, Social housing, Urban regeneration, Public space, Urban project, Mobility, Urban agriculture",CARTA
Altea Panebianco,Didactic Tutor,Architecture Dep,8,Urban policy,CARTA
Martina Massari,Temporary Researcher,Architecture Department,5,"Social innovation, Active and fair mobility, Urban innovation, Territorial regeneration, Energy citizenship","CARTA, HouseInc"
Francesca Sabatini,Research Fellow,Architecture Dep,4,"Migration, Culture economics, Commons, Urbanistics, Urban planning","TRACE, HouseInc"
Marco Puleri,Associate Professor,SPS,2,"Nation Building, National ideologies, Migration and Conflicts","DIMEast, GEO-POWER-EU"
